{
    "Performance Metrics": {
        "SSIM": 0.40401512384414673,
        "MSE": 0.04285279190854022,
        "Average Confidence": 0.5340353978895828
    },
    "Timing Information": {
        "Average Inference Time": 0.23746254569605776,
        "Total Evaluation Time": 9.023576736450195
    },
    "Dataset Information": {
        "Test Set Size": 38
    }
}